{
    "fav_place1": [
        7.299898913370613,
        20.85249798065098
    ],
    "fav_place2": [
        66.95630036049599,
        -46.75781249999997
    ],
    "fav_place3": [
        70.50432943173024,
        -49.21875000000003
    ],
    "fav_place4": [
        12.973621810505328,
        77.581599116333
    ]
}