{
    "fav_place1": [
        12.965926835991542,
        77.59365832806395
    ],
    "fav_place2": [
        -14.200396384136308,
        -56.953125
    ],
    "fav_place3": [
        12.95099623401379,
        77.60721957684325
    ],
    "fav_place4": [
        12.973621810505328,
        77.581599116333
    ]
}