{
    "fav_place1": [
        12.965926835991542,
        77.59365832806395
    ],
    "fav_place2": [
        12.964672198017182,
        77.58335864544676
    ],
    "fav_place3": [
        70.50432943173024,
        -49.21875000000003
    ],
    "fav_place4": [
        12.973621810505328,
        77.581599116333
    ]
}