{
    "fav_place1": [
        12.965926835991542,
        77.59365832806395
    ],
    "fav_place2": [
        69.39600197790656,
        -43.208937823133
    ],
    "fav_place3": [
        71.09388455269603,
        -41.1328125
    ],
    "fav_place4": [
        12.973621810505328,
        77.581599116333
    ]
}