{
    "fav_place1": [
        12.961368287761642,
        77.5874356031494
    ],
    "fav_place2": [
        12.969774353000659,
        77.59275710583495
    ],
    "fav_place3": [
        9.967591519316475,
        76.24905622006224
    ],
    "fav_place4": [
        12.958729589089216,
        77.58940970898436
    ]
}