{
    "fav_place1": [
        13.082634483474825,
        80.26307196928781
    ],
    "fav_place2": [
        40.40220915322258,
        -3.6663487743929295
    ],
    "fav_place3": [
        33.78827853625995,
        -84.37101212672322
    ],
    "fav_place4": [
        12.973621810505328,
        77.581599116333
    ]
}