{
    "fav_place1": [
        12.961368287761642,
        77.5874356031494
    ],
    "fav_place2": [
        26.310504871105312,
        72.9986572265625
    ],
    "fav_place3": [
        28.465454793792606,
        77.02986717224127
    ],
    "fav_place4": [
        12.958729589089216,
        77.58940970898436
    ]
}