{
    "fav_place1": [
        12.961368287761642,
        77.5874356031494
    ],
    "fav_place2": [
        26.795428731968762,
        80.88517940045165
    ],
    "fav_place3": [
        9.967591519316475,
        76.24905622006224
    ],
    "fav_place4": [
        12.958729589089216,
        77.58940970898436
    ]
}