{
    "fav_place1": [
        12.961368287761642,
        77.5874356031494
    ],
    "fav_place2": [
        26.310504871105312,
        72.9986572265625
    ],
    "fav_place3": [
        12.958900781878535,
        77.58571898937987
    ],
    "fav_place4": [
        12.958729589089216,
        77.58940970898436
    ]
}