{
    "fav_place1": [
        12.961368287761642,
        77.5874356031494
    ],
    "fav_place2": [
        15.887343459750136,
        74.50212275982665
    ],
    "fav_place3": [
        12.963668483083698,
        77.59992396832274
    ],
    "fav_place4": [
        12.958729589089216,
        77.58940970898436
    ]
}