{
    "fav_place1": [
        38.90435863484872,
        -77.01529623912893
    ],
    "fav_place2": [
        55.940056800567305,
        37.56108620061005
    ],
    "fav_place3": [
        33.78827853625995,
        -84.37101212672322
    ],
    "fav_place4": [
        12.973621810505328,
        77.581599116333
    ]
}